City_ID,City,Country,Lat,Lng,Max Temp,Humidity,Cloudiness,Wind Speed,Current Description
0,Fangshan,CN,39.6983,115.9925,66.06,96,100,6.6,light rain
1,Obigarm,TJ,38.7173,69.7088,60.13,25,0,4.92,clear sky
2,Hobart,AU,-42.8794,147.3294,49.86,74,20,1.99,few clouds
3,Saskylakh,RU,71.9167,114.0833,33.57,98,100,10.87,overcast clouds
4,Port-Gentil,GA,-0.7193,8.7815,77.97,83,79,9.08,broken clouds
5,Butaritari,KI,3.0707,172.7902,82.51,75,6,16.08,light rain
6,Bubaque,GW,11.2833,-15.8333,82.22,76,99,7.85,overcast clouds
7,Asau,RO,46.4333,26.4,45.95,78,84,6.76,broken clouds
8,Ouango,CF,4.3133,22.5552,68.85,99,100,1.77,overcast clouds
9,Ribeira Grande,PT,38.5167,-28.7,70.48,64,100,6.89,overcast clouds
10,Avarua,CK,-21.2078,-159.775,73.45,60,20,6.91,few clouds
11,Castro,BR,-24.7911,-50.0119,60.73,59,100,4.97,overcast clouds
12,Stornoway,GB,58.2093,-6.3865,55.92,82,95,17.27,overcast clouds
13,Kruisfontein,ZA,-34.0033,24.7314,59.88,76,44,13.85,scattered clouds
14,Ushuaia,AR,-54.8,-68.3,47.82,64,99,9.31,overcast clouds
15,Chokurdakh,RU,70.6333,147.9167,30.22,86,100,2.89,overcast clouds
16,Mataura,NZ,-46.1927,168.8643,48.47,60,41,6.85,scattered clouds
17,Binzhou,CN,37.3667,118.0167,67.8,89,100,10.87,light rain
18,Fortuna,US,40.5982,-124.1573,75.92,60,1,4.0,clear sky
19,Baglan,AF,36.1307,68.7083,69.58,26,0,1.36,clear sky
20,Chingola,ZM,-12.529,27.8838,71.74,35,92,11.01,overcast clouds
21,Albany,US,42.6001,-73.9662,78.64,76,100,13.35,overcast clouds
22,Lorengau,PG,-2.0226,147.2712,79.93,81,98,8.77,heavy intensity rain
23,Doha,QA,25.2867,51.5333,85.98,64,0,0.0,clear sky
24,Camacha,PT,33.0833,-16.3333,68.76,68,20,10.36,few clouds
25,Kapaa,US,22.0752,-159.319,82.38,74,75,3.0,light rain
26,Kenora,CA,49.8167,-94.4337,66.18,38,94,13.6,overcast clouds
27,Leningradskiy,RU,69.3833,178.4167,26.92,93,100,8.63,overcast clouds
28,North Bend,US,43.4065,-124.2243,81.25,64,1,25.32,clear sky
29,Atuona,PF,-9.8,-139.0333,78.1,74,11,17.45,few clouds
30,Brae,GB,60.3964,-1.353,46.31,85,100,13.06,overcast clouds
31,Busselton,AU,-33.65,115.3333,43.09,80,0,10.36,clear sky
32,Khatanga,RU,71.9667,102.5,33.19,98,100,6.62,overcast clouds
33,Plettenberg Bay,ZA,-34.0527,23.3716,60.55,76,100,9.93,overcast clouds
34,Bengkulu,ID,-3.8004,102.2655,74.71,89,100,4.32,overcast clouds
35,Marsa Matruh,EG,31.3525,27.2453,74.34,75,49,17.43,scattered clouds
36,Klaksvik,FO,62.2266,-6.589,45.52,95,100,33.13,overcast clouds
37,Hithadhoo,MV,-0.6,73.0833,80.49,84,100,17.87,overcast clouds
38,Punta Arenas,CL,-53.15,-70.9167,48.31,57,75,14.97,broken clouds
39,Bluff,NZ,-46.6,168.3333,48.79,75,81,24.0,broken clouds
40,Saverne,FR,48.8333,7.25,57.0,88,44,5.53,scattered clouds
41,Cape Town,ZA,-33.9258,18.4232,60.89,84,91,1.01,overcast clouds
42,Saint-Philippe,RE,-21.3585,55.7679,69.35,78,37,11.12,scattered clouds
43,Ilulissat,GL,69.2167,-51.1,24.82,74,75,18.41,light shower snow
44,Boa Vista,BR,2.8197,-60.6733,89.58,55,20,5.75,few clouds
45,Santa Isabel Do Rio Negro,BR,-0.4139,-65.0192,78.44,94,91,3.51,light rain
46,Chuy,UY,-33.6971,-53.4616,55.81,93,94,6.4,overcast clouds
47,Komsomolets,KZ,53.7453,62.0708,40.51,63,13,4.7,few clouds
48,Bredasdorp,ZA,-34.5322,20.0403,55.27,90,75,7.78,broken clouds
49,Cabo San Lucas,MX,22.8909,-109.9124,97.52,74,40,8.05,scattered clouds
50,Waris Aliganj,IN,25.0167,85.6333,78.39,90,96,4.72,overcast clouds
51,Nanortalik,GL,60.1432,-45.2371,36.39,78,11,20.92,few clouds
52,Namatanai,PG,-3.6667,152.4333,79.81,75,100,6.49,overcast clouds
53,Namibe,AO,-15.1961,12.1522,66.24,93,32,8.14,scattered clouds
54,Port Alfred,ZA,-33.5906,26.891,62.35,72,68,18.88,broken clouds
55,Esperance,AU,-33.8667,121.9,53.74,64,100,12.26,overcast clouds
56,Hasaki,JP,35.7333,140.8333,68.4,71,77,14.72,broken clouds
57,Los Andes,CL,-32.8337,-70.5983,78.57,12,4,5.66,clear sky
58,Ovalle,CL,-30.5983,-71.2003,83.19,17,0,5.26,clear sky
59,Vanavara,RU,60.34,102.2797,25.59,94,47,2.59,scattered clouds
60,Vaini,TO,-21.2,-175.2,77.16,88,75,9.22,broken clouds
61,Kavieng,PG,-2.5744,150.7967,81.63,75,100,10.69,light rain
62,Ust-Nera,RU,64.5667,143.2,37.44,64,66,4.25,broken clouds
63,Yingkou,CN,40.6648,122.2283,57.13,87,77,5.55,broken clouds
64,Powell River,CA,49.8496,-124.5361,71.1,78,99,4.52,overcast clouds
65,Rikitea,PF,-23.1203,-134.9692,74.03,74,99,23.2,overcast clouds
66,Mount Isa,AU,-20.7333,139.5,46.17,42,10,0.0,clear sky
67,Sabang,ID,5.8933,95.3214,82.36,77,50,12.62,scattered clouds
68,Tuktoyaktuk,CA,69.4541,-133.0374,33.19,86,100,3.69,overcast clouds
69,Hilo,US,19.7297,-155.09,84.27,62,40,5.75,scattered clouds
70,Chichi,NG,7.2721,8.9332,74.89,92,90,2.75,light rain
71,Adet,ET,11.2644,37.4888,56.7,94,99,3.22,light rain
72,Brumado,BR,-14.2036,-41.6653,81.41,43,48,9.91,scattered clouds
73,Tiznit,MA,29.5833,-9.5,65.52,82,3,2.3,clear sky
74,Palana,RU,59.1167,159.9667,42.37,79,2,2.71,clear sky
75,Upernavik,GL,72.7868,-56.1549,28.58,90,100,9.89,light snow
76,Bijie,CN,27.3125,105.2942,61.14,96,36,6.06,scattered clouds
77,Hamilton,US,39.1834,-84.5333,66.76,67,90,1.99,overcast clouds
78,Thompson,CA,55.7435,-97.8558,62.04,62,89,11.52,overcast clouds
79,Geraldton,AU,-28.7667,114.6,50.41,93,0,5.75,mist
80,Tucurui,BR,-3.7661,-49.6725,94.73,33,92,5.41,overcast clouds
81,Naze,JP,28.3667,129.4833,75.34,71,0,10.04,clear sky
82,Cayenne,GF,4.9333,-52.3333,86.04,78,0,4.0,clear sky
83,Nikolskoye,RU,59.7035,30.7861,47.01,93,99,9.22,overcast clouds
84,Palmas,BR,-10.2128,-48.3603,82.27,69,40,3.44,scattered clouds
85,Rawson,AR,-43.3002,-65.1023,69.89,29,9,10.16,clear sky
86,Beterou,BJ,9.1992,2.2586,73.36,92,100,2.06,light rain
87,Hermanus,ZA,-34.4187,19.2345,57.9,89,92,11.72,overcast clouds
88,Yellowknife,CA,62.456,-114.3525,46.92,87,75,4.61,broken clouds
89,Guerrero Negro,MX,27.9769,-114.0611,87.4,48,3,7.38,clear sky
90,Puerto Ayora,EC,-0.7393,-90.3518,70.56,83,82,11.03,broken clouds
91,Grand Gaube,MU,-20.0064,57.6608,71.38,78,59,5.99,light rain
92,Maniitsoq,GL,65.4167,-52.9,33.39,64,31,11.32,scattered clouds
93,Qaanaaq,GL,77.484,-69.3632,16.2,62,97,6.71,overcast clouds
94,Kununurra,AU,-15.7667,128.7333,49.98,76,45,0.0,scattered clouds
95,Provideniya,RU,64.3833,-173.3,32.11,69,90,6.71,light snow
96,New Norfolk,AU,-42.7826,147.0587,49.5,74,94,5.01,overcast clouds
97,Norden,DE,53.6,7.2,55.38,85,7,16.98,clear sky
98,Ugoofaaru,MV,5.6667,73.0,82.9,76,80,17.38,broken clouds
99,Valparaiso,CL,-33.0393,-71.6273,79.03,40,0,10.36,clear sky
100,Carnarvon,AU,-24.8667,113.6333,66.4,80,0,22.59,clear sky
101,Tokur,RU,53.1333,132.9,32.47,89,0,2.48,clear sky
102,El Cobre,CU,20.0489,-75.9469,87.24,66,40,8.05,scattered clouds
103,Corowa,AU,-36.0333,146.3833,46.72,95,0,4.63,clear sky
104,Saldanha,ZA,-33.0117,17.9442,57.11,92,100,3.71,overcast clouds
105,Port Elizabeth,ZA,-33.918,25.5701,62.1,75,43,13.85,scattered clouds
106,Katsuura,JP,35.1333,140.3,73.51,79,100,13.02,overcast clouds
107,Pingliang,CN,35.5392,106.6861,60.4,94,100,5.14,moderate rain
108,Shache,CN,38.4167,77.2406,66.67,24,0,2.73,clear sky
109,Port Hardy,CA,50.6996,-127.4199,53.98,75,100,5.7,overcast clouds
110,Chapayeve,UA,49.3662,35.8749,48.02,85,99,4.65,overcast clouds
111,Totskoye,RU,52.5248,52.7623,55.45,56,100,18.97,light rain
112,Olafsvik,IS,64.8945,-23.7142,42.69,75,99,18.99,overcast clouds
113,Tanout,NE,14.9709,8.8879,91.45,25,85,6.22,overcast clouds
114,Redmond,US,47.674,-122.1215,73.33,65,99,1.01,overcast clouds
115,Dandong,CN,40.1292,124.3947,53.74,92,34,3.67,scattered clouds
116,Arraial Do Cabo,BR,-22.9661,-42.0278,67.86,56,75,5.75,broken clouds
117,Brazzaville,CG,-4.2658,15.2832,79.84,66,79,3.49,broken clouds
118,Cherskiy,RU,68.75,161.3,29.89,91,82,6.49,broken clouds
119,Aljezur,PT,37.3191,-8.8033,63.0,91,39,4.16,scattered clouds
120,Bethel,US,41.3712,-73.414,77.72,85,95,1.99,overcast clouds
121,Burnie,AU,-41.0667,145.9167,48.9,79,100,17.87,overcast clouds
122,Hualmay,PE,-11.0964,-77.6139,66.27,73,30,10.36,scattered clouds
123,Sterling,US,39.0062,-77.4286,76.06,64,40,1.99,scattered clouds
124,Versalles,FR,48.8,2.1333,61.97,83,0,4.61,clear sky
125,Hami,CN,42.8,93.45,65.03,20,29,4.94,scattered clouds
126,Luanda,AO,-8.8368,13.2343,73.4,83,20,5.75,few clouds
127,Mahebourg,MU,-20.4081,57.7,71.26,85,54,14.63,light rain
128,Inuvik,CA,68.3499,-133.7218,33.84,76,81,5.53,broken clouds
129,Serowe,BW,-22.3833,26.7167,60.84,51,0,7.43,clear sky
130,Axim,GH,4.8699,-2.2405,76.71,92,68,5.39,light rain
131,Panino,RU,51.6467,40.1346,46.17,82,81,5.39,broken clouds
132,Norman Wells,CA,65.282,-126.8329,37.44,76,100,7.0,overcast clouds
133,Souillac,MU,-20.5167,57.5167,71.37,84,73,14.29,light rain
134,Assiniboia,CA,49.6334,-105.9845,65.7,30,100,14.05,overcast clouds
135,Linguere,SN,15.3953,-15.1193,86.0,57,95,8.63,overcast clouds
136,Bambous Virieux,MU,-20.3428,57.7575,71.22,85,54,14.47,light rain
137,Pacific Grove,US,36.6177,-121.9166,95.61,78,1,8.01,clear sky
138,Barrow,US,71.2906,-156.7887,28.42,86,90,0.0,overcast clouds
139,Maine-Soroa,NE,13.2114,12.0241,84.51,48,100,5.26,overcast clouds
140,Faya,SA,18.3851,42.4509,68.97,39,54,2.57,broken clouds
141,Kodiak,US,57.79,-152.4072,44.11,76,90,21.85,light rain
142,Hervey Bay,AU,-25.2986,152.8535,62.76,73,1,0.78,clear sky
143,Tessalit,ML,20.1986,1.0114,96.85,16,84,6.13,broken clouds
144,Madimba,TZ,-10.4,40.3333,73.53,87,22,9.28,few clouds
145,Tukrah,LY,32.5341,20.5791,74.89,66,0,17.47,clear sky
146,Kutum,SD,14.2,24.6667,81.84,22,15,7.45,few clouds
147,Florianopolis,BR,-27.6146,-48.5012,63.63,52,40,10.36,scattered clouds
148,Castrillon,ES,43.3979,-6.7922,64.94,99,68,3.15,broken clouds
149,Barra Patuca,HN,15.8,-84.2833,84.29,69,20,9.84,few clouds
150,Lasa,IT,46.6166,10.7002,51.03,59,6,4.5,clear sky
151,Lancaster,US,40.2504,-76.2499,71.56,81,20,0.0,few clouds
152,Saanen,CH,46.4896,7.2596,55.33,94,13,3.13,few clouds
153,Mersin,TR,36.862,34.6509,67.35,55,36,6.85,scattered clouds
154,Vanimo,PG,-2.6741,141.3028,76.71,90,92,5.32,overcast clouds
155,Fort Portal,UG,0.6617,30.2748,61.03,86,84,2.93,broken clouds
156,Nome,US,64.5011,-165.4064,37.17,51,1,0.0,clear sky
157,Kavaratti,IN,10.5669,72.642,81.14,80,86,14.92,overcast clouds
158,Bassar,TG,9.25,0.7833,71.53,90,56,1.86,light rain
159,Senanga,ZM,-16.1167,23.2667,70.93,26,8,6.67,clear sky
160,Mount Gambier,AU,-37.8333,140.7667,49.91,93,90,16.11,overcast clouds
161,Lebu,CL,-37.6167,-73.65,55.27,70,2,13.35,clear sky
162,Panacan,PH,9.2463,118.4082,78.53,80,98,4.16,overcast clouds
163,Kulhudhuffushi,MV,6.6221,73.07,82.72,77,33,17.58,scattered clouds
164,Sitka,US,57.0531,-135.33,55.29,76,90,6.91,mist
165,Almeria,ES,37.1667,-2.3333,71.76,80,91,10.25,overcast clouds
166,Rehoboth,NA,-23.3167,17.0833,68.18,10,0,6.87,clear sky
167,Morro Bay,US,35.3658,-120.8499,98.38,55,85,5.99,overcast clouds
168,Tasiilaq,GL,65.6145,-37.6368,37.56,61,86,3.76,overcast clouds
169,Diamantino,BR,-14.4086,-56.4461,102.54,15,35,4.27,scattered clouds
170,Port Lincoln,AU,-34.7333,135.8667,55.6,77,48,14.9,scattered clouds
171,Troy,US,42.6056,-83.1499,54.64,94,90,5.01,mist
172,Tiksi,RU,71.6872,128.8694,38.8,74,100,21.61,overcast clouds
173,Airai,TL,-8.9266,125.4092,57.51,51,100,2.21,overcast clouds
174,Erenhot,CN,43.6475,111.9767,61.45,65,77,4.79,broken clouds
175,Santa Rosa Del Sur,CO,7.9644,-74.0544,76.39,86,100,1.16,overcast clouds
176,Suifenhe,CN,44.4,131.1667,41.58,91,1,3.62,clear sky
177,Andijon,UZ,40.7821,72.3442,65.55,72,0,2.3,clear sky
178,Zhigansk,RU,66.7697,123.3711,37.36,82,92,5.14,overcast clouds
179,Hudiksvall,SE,61.729,17.1036,45.52,87,100,22.1,overcast clouds
180,Ndjole,GA,-0.1783,10.7649,75.18,94,75,1.05,broken clouds
181,Loukhi,RU,66.0764,33.0381,44.87,87,100,9.98,overcast clouds
182,Puerto Ayacucho,VE,5.6639,-67.6236,78.69,89,100,5.73,overcast clouds
183,Caravelas,BR,-17.7125,-39.2481,71.38,64,20,11.99,few clouds
184,Saint George,US,37.1041,-113.5841,95.47,13,1,4.0,clear sky
185,Ondjiva,AO,-17.0667,15.7333,76.39,16,84,7.63,broken clouds
186,Zaoyang,CN,32.1272,112.7542,72.86,90,100,11.63,moderate rain
187,Sahuaripa,MX,29.05,-109.2333,88.39,48,100,6.89,overcast clouds
188,Miyako,JP,39.6367,141.9525,66.0,82,7,4.21,clear sky
189,Ponta Delgada,PT,37.7333,-25.6667,70.52,68,20,10.36,few clouds
190,Tam Ky,VN,15.5667,108.4833,76.98,94,100,5.97,light rain
191,Egvekinot,RU,66.3167,-179.1667,25.47,88,100,4.52,overcast clouds
192,Sao Jose Da Coroa Grande,BR,-8.8978,-35.1478,77.61,83,27,9.62,scattered clouds
193,Khandyga,RU,62.6667,135.6,35.65,82,7,2.06,clear sky
194,Caico,BR,-6.4583,-37.0978,94.37,24,100,10.29,overcast clouds
195,Kangaatsiaq,GL,68.3065,-53.4641,29.93,82,100,7.78,overcast clouds
196,Thinadhoo,MV,0.5333,72.9333,82.29,79,100,19.28,moderate rain
197,Jamestown,US,42.097,-79.2353,58.59,82,90,5.99,overcast clouds
198,Cockburn Town,TC,21.4612,-71.1419,83.39,75,87,8.41,overcast clouds
199,Luba,GQ,3.4568,8.5547,77.05,85,83,1.63,broken clouds
200,Vardo,NO,70.3705,31.1107,43.0,76,39,22.1,scattered clouds
201,Aklavik,CA,68.2191,-135.0107,36.32,78,94,6.62,overcast clouds
202,Huarmey,PE,-10.0681,-78.1522,67.57,74,32,8.41,scattered clouds
203,Martin,US,27.0837,-80.4164,88.92,87,27,4.7,scattered clouds
204,Hofn,IS,64.2539,-15.2082,40.39,88,100,17.9,overcast clouds
205,Puerto Escondido,MX,15.85,-97.0667,90.43,51,40,6.91,scattered clouds
206,Edd,ER,13.9297,41.6925,89.08,71,6,4.74,clear sky
207,Byron Bay,AU,-28.65,153.6167,64.35,74,6,8.16,clear sky
208,Trat,TH,12.5,102.5,75.47,95,100,2.57,light rain
209,Maceio,BR,-9.6658,-35.7353,81.84,83,75,10.36,broken clouds
210,Narsaq,GL,60.9167,-46.05,43.02,57,0,8.59,clear sky
211,East London,ZA,-33.0153,27.9116,67.5,52,74,22.41,broken clouds
212,Kalabo,ZM,-14.97,22.6814,71.94,21,12,7.27,few clouds
213,Galveston,US,29.3669,-94.9669,85.21,47,1,9.22,clear sky
214,Walvis Bay,NA,-22.9575,14.5053,57.09,87,0,6.91,clear sky
215,Phalodi,IN,27.1333,72.3667,85.37,66,85,5.66,overcast clouds
216,San Cristobal,VE,7.7669,-72.225,78.98,82,100,5.86,overcast clouds
217,Odweyne,SO,9.4092,45.064,75.47,56,4,13.47,clear sky
218,Balabac,PH,7.9868,117.0645,80.44,76,99,2.75,overcast clouds
219,Codrington,AU,-38.2667,141.9667,50.7,86,98,18.63,overcast clouds
220,Batemans Bay,AU,-35.7167,150.1833,59.92,68,14,4.59,few clouds
221,George Town,MY,5.4112,100.3354,80.89,89,20,2.3,few clouds
222,Tautira,PF,-17.7333,-149.15,84.22,75,0,15.59,light rain
223,Grindavik,IS,63.8424,-22.4338,41.47,93,75,20.71,broken clouds
224,Uberaba,BR,-19.7483,-47.9319,90.18,20,33,8.05,scattered clouds
225,Sao Filipe,CV,14.8961,-24.4956,79.03,78,35,8.66,scattered clouds
226,Mitu,CO,1.1983,-70.1733,79.88,73,98,3.13,overcast clouds
227,Ostrovnoy,RU,68.0531,39.5131,46.11,87,40,19.66,scattered clouds
228,Vila Velha,BR,-20.3297,-40.2925,69.75,64,40,12.66,scattered clouds
229,Karratha,AU,-20.7377,116.8463,71.62,48,35,7.02,scattered clouds
230,Nurobod,UZ,40.9056,69.8023,58.05,22,0,4.52,clear sky
231,Haileybury,CA,47.449,-79.6373,48.78,97,100,9.1,overcast clouds
232,Seryshevo,RU,51.0933,128.3786,45.54,87,87,6.85,overcast clouds
233,Yeppoon,AU,-23.1333,150.7333,58.78,67,19,4.63,few clouds
234,Luena,AO,-11.7833,19.9167,68.02,21,27,4.32,scattered clouds
235,Manchar,IN,19.0,73.9333,70.93,91,100,3.87,overcast clouds
236,Damara,CF,4.9608,18.7035,69.12,95,89,0.98,overcast clouds
237,Miri,MY,4.4148,114.0089,77.14,88,40,3.44,scattered clouds
238,Arkhangelsk,RU,64.5401,40.5433,44.71,87,90,4.47,overcast clouds
239,Tazovskiy,RU,67.4667,78.7,34.18,80,93,10.56,overcast clouds
240,Auburn Hills,US,42.6875,-83.2341,53.69,95,90,4.0,mist
241,Changji,CN,44.0167,87.3167,57.99,33,0,4.47,clear sky
242,Salalah,OM,17.0151,54.0924,84.29,79,75,5.75,broken clouds
243,Sabalgarh,IN,26.25,77.4,77.7,87,44,4.54,scattered clouds
244,Bazarnyye Mataki,RU,54.8833,49.9333,46.51,90,100,8.88,moderate rain
245,Alice Springs,AU,-23.7,133.8833,42.35,49,13,0.0,few clouds
246,Buala,SB,-8.145,159.5921,79.84,79,100,4.07,light rain
247,Qasigiannguit,GL,68.8193,-51.1922,25.05,84,100,2.93,overcast clouds
248,Avera,US,33.194,-82.5271,77.76,43,0,6.29,clear sky
249,Conde,BR,-7.2597,-34.9075,78.26,83,0,12.66,clear sky
250,Georgetown,MY,5.4112,100.3354,80.89,85,20,0.0,few clouds
251,Mitsamiouli,KM,-11.3847,43.2844,76.12,79,0,5.57,clear sky
252,Anqing,CN,30.5092,117.0506,75.87,67,49,2.46,light rain
253,Peruibe,BR,-24.32,-46.9983,64.27,77,81,7.2,broken clouds
254,Hede,CN,33.7681,120.2517,72.14,87,73,10.49,light rain
255,Iznik,TR,40.4286,29.7211,55.35,84,53,4.72,broken clouds
256,Portland,US,45.5234,-122.6762,74.86,63,75,3.0,broken clouds
257,Cidreira,BR,-30.1811,-50.2056,62.33,84,99,18.59,overcast clouds
258,Mar Del Plata,AR,-38.0023,-57.5575,55.42,94,90,6.91,overcast clouds
259,Rolla,US,37.9514,-91.7713,73.85,36,1,1.01,clear sky
260,Pangody,RU,65.85,74.4859,37.2,96,100,13.31,light rain
261,Nouadhibou,MR,20.931,-17.0347,71.58,83,0,16.11,clear sky
262,Vestmannaeyjar,IS,63.4427,-20.2734,49.14,91,100,14.83,overcast clouds
263,Linxia,CN,35.6003,103.2064,60.78,71,98,0.43,overcast clouds
264,Meulaboh,ID,4.1363,96.1285,76.75,90,86,4.5,overcast clouds
265,Panuco,MX,22.05,-98.1667,84.38,54,68,1.39,broken clouds
266,Saint-Augustin,CA,51.226,-58.6502,51.93,87,100,4.7,overcast clouds
267,Salinopolis,BR,-0.6136,-47.3561,81.23,74,63,11.12,broken clouds
268,Khromtau,KZ,50.2503,58.4347,45.18,47,83,14.2,broken clouds
269,Pacifica,US,37.6138,-122.4869,99.05,54,75,11.5,broken clouds
270,Sinnamary,GF,5.3833,-52.95,82.24,75,31,12.06,scattered clouds
271,Natal,BR,-5.795,-35.2094,81.25,78,40,13.8,scattered clouds
272,Fairbanks,US,64.8378,-147.7164,41.59,51,75,1.14,broken clouds
273,Hefei,CN,31.8639,117.2808,77.02,57,0,6.71,light rain
274,Ibra,OM,22.6906,58.5334,85.42,54,97,6.13,overcast clouds
275,Shelburne,CA,44.0787,-80.2041,59.45,82,96,13.04,overcast clouds
276,Gat,IL,31.61,34.7642,77.68,100,4,7.2,clear sky
277,Ahvaz,IR,31.3203,48.6693,78.75,27,0,2.3,clear sky
278,Yar-Sale,RU,66.8333,70.8333,39.78,86,100,12.86,overcast clouds
279,Cabanas,CU,22.9758,-82.9219,75.67,71,86,4.97,moderate rain
280,Honiara,SB,-9.4333,159.95,79.9,81,86,4.63,overcast clouds
281,Mirnyy,RU,62.5353,113.9611,36.46,91,100,2.3,overcast clouds
282,Griffith,US,41.5284,-87.4237,70.9,42,1,1.99,clear sky
283,Marienburg,PL,54.0359,19.0266,60.96,70,98,27.16,overcast clouds
284,Komsomolskiy,UZ,40.4272,71.7189,65.12,39,0,9.22,clear sky
285,Swift Current,CA,50.2834,-107.8014,62.65,30,98,15.01,overcast clouds
286,Longyearbyen,SJ,78.2186,15.6401,46.24,71,75,20.71,broken clouds
287,Kahului,US,20.8947,-156.47,85.96,69,20,25.32,few clouds
288,Luwuk,ID,-0.9516,122.7875,74.79,89,91,3.2,overcast clouds
289,Nakamura,JP,32.9833,132.9333,66.51,79,19,3.67,few clouds
290,Poopo,BO,-18.3667,-66.9667,51.94,43,83,3.83,broken clouds
291,Emet,TR,39.343,29.2585,46.27,81,73,6.35,broken clouds
292,Porto Novo,BJ,6.4965,2.6036,80.42,87,78,5.1,broken clouds
293,Cauquenes,CL,-35.9671,-72.3225,67.39,51,99,6.96,overcast clouds
294,Chicama,PE,-7.8447,-79.1469,63.14,63,20,8.48,few clouds
295,Dingle,PH,10.9995,122.6711,76.01,92,86,5.08,light rain
296,Kayes,ML,14.0,-11.0,83.3,62,93,1.3,overcast clouds
297,Padang,ID,-0.9492,100.3543,75.25,86,81,3.51,broken clouds
298,Anadyr,RU,64.75,177.4833,32.5,100,90,4.47,light shower snow
299,Shanghai,CN,31.2222,121.4581,76.86,88,0,8.95,light rain
300,Ambon,ID,-3.6954,128.1814,75.34,94,75,4.61,moderate rain
301,Kudahuvadhoo,MV,2.6708,72.8944,82.81,76,100,16.15,overcast clouds
302,Barranca,PE,-10.75,-77.7667,64.62,76,36,9.4,scattered clouds
303,Darab,IR,28.7519,54.5444,77.68,18,0,3.69,clear sky
304,Mykolayivka,UA,47.5414,30.7561,48.33,80,100,5.35,overcast clouds
305,Williston,US,48.147,-103.618,75.94,35,82,5.99,broken clouds
306,Peniche,PT,39.3558,-9.3811,70.09,83,64,13.8,broken clouds
307,Zadar,HR,44.1197,15.2422,61.65,93,0,1.14,clear sky
308,Mersing,MY,2.4312,103.8405,75.11,100,68,4.61,broken clouds
309,Talcahuano,CL,-36.7167,-73.1167,60.48,72,0,14.97,clear sky
310,Takoradi,GH,4.8845,-1.7554,76.44,91,15,5.84,light rain
311,Cajnice,BA,43.5575,19.0711,40.8,76,3,2.71,clear sky
312,Praia Da Vitoria,PT,38.7333,-27.0667,70.05,78,20,11.1,few clouds
313,Muzhi,RU,65.3667,64.6667,34.14,85,43,3.18,scattered clouds
314,Kaitangata,NZ,-46.2817,169.8464,48.22,61,26,12.28,scattered clouds
315,Margate,GB,51.3813,1.3862,62.96,87,18,1.99,few clouds
316,Unity,CA,52.4501,-109.1682,56.25,20,93,20.27,overcast clouds
317,Dalvik,IS,65.9702,-18.5286,37.33,97,100,4.81,overcast clouds
318,Promyshlennovskiy,RU,55.4833,86.2,38.17,99,100,1.28,light rain
319,Pacasmayo,PE,-7.4006,-79.5714,67.08,76,21,12.59,few clouds
320,Piacabucu,BR,-10.4056,-36.4344,76.55,79,12,9.19,few clouds
321,Lodwar,KE,3.1191,35.5973,85.03,40,18,25.79,few clouds
322,Faanui,PF,-16.4833,-151.75,78.04,70,16,11.32,few clouds
323,Najran,SA,17.4924,44.1277,74.05,20,12,0.58,few clouds
324,Vavuniya,LK,8.7514,80.4971,77.18,88,88,5.55,overcast clouds
325,Flin Flon,CA,54.7682,-101.865,48.04,81,90,21.85,overcast clouds
326,Palauig,PH,15.435,119.9045,80.08,78,96,2.77,overcast clouds
327,Itarema,BR,-2.9248,-39.9167,79.7,77,61,17.43,broken clouds
328,Adrar,MR,20.5022,-10.0711,95.95,12,7,7.4,clear sky
329,Grafton,US,42.207,-71.6856,78.85,74,40,4.0,scattered clouds
330,San Patricio,US,28.017,-97.5169,89.58,23,9,6.8,clear sky
331,Moose Factory,CA,51.2585,-80.6094,53.6,62,1,10.36,clear sky
332,Tripoli,LY,32.8752,13.1875,78.06,78,16,15.88,few clouds
333,Lompoc,US,34.6391,-120.4579,88.02,65,1,13.8,clear sky
334,Benjamin Constant,BR,-4.3831,-70.0311,82.53,83,40,5.75,scattered clouds
335,Coihaique,CL,-45.5752,-72.0662,56.01,62,75,0.0,broken clouds
336,Bilma,NE,18.6853,12.9164,87.71,12,1,2.35,clear sky
337,Yulara,AU,-25.2406,130.9889,46.24,39,2,5.75,clear sky
338,Timmins,CA,48.4669,-81.3331,46.22,93,90,5.75,overcast clouds
339,Dikson,RU,73.5069,80.5464,34.29,67,74,6.15,broken clouds
340,La Ronge,CA,55.1001,-105.2842,44.78,79,100,17.96,overcast clouds
341,San Quintin,MX,30.4833,-115.95,76.86,65,67,14.58,broken clouds
342,Devils Lake,US,48.1128,-98.8651,76.95,37,1,11.99,clear sky
343,Algonquin,US,42.1656,-88.2943,70.18,36,85,10.0,overcast clouds
344,Pangnirtung,CA,66.1451,-65.7125,34.07,54,63,7.14,broken clouds
345,Mehamn,NO,71.0357,27.8492,40.91,70,99,20.85,overcast clouds
346,Almazar,UZ,40.3217,69.0106,64.11,21,0,4.99,clear sky
347,Bell Ville,AR,-32.6259,-62.6887,69.8,46,0,6.13,clear sky
348,Vostok,RU,46.4856,135.8833,38.17,95,0,1.03,clear sky
349,Puerto Baquerizo Moreno,EC,-0.9,-89.6,76.19,73,40,14.97,scattered clouds
350,Roma,US,43.2128,-75.4557,71.74,92,90,6.91,light rain
351,Kamaishi,JP,39.2667,141.8833,67.19,82,50,6.15,scattered clouds
352,Lukiv,UA,51.0521,25.4006,51.19,89,100,16.24,overcast clouds
353,Gimli,CA,50.6336,-96.9907,73.44,45,85,13.56,overcast clouds
354,Cairns,AU,-16.9167,145.7667,70.07,80,75,11.5,broken clouds
355,Fuyu,CN,45.1833,124.8167,48.04,82,6,5.95,clear sky
356,Pasighat,IN,28.0667,95.3333,74.88,89,91,3.15,overcast clouds
357,Westport,US,41.1415,-73.3579,79.29,85,90,1.01,overcast clouds
358,Peterhead,GB,57.5058,-1.7981,56.12,77,100,15.46,overcast clouds
359,Nyurba,RU,63.2842,118.3319,39.0,77,100,4.21,overcast clouds
360,Iqaluit,CA,63.7506,-68.5145,31.73,74,90,16.11,overcast clouds
361,College,US,64.8569,-147.8028,41.58,50,90,6.91,overcast clouds
362,Nuuk,GL,64.1835,-51.7216,34.41,60,40,11.5,scattered clouds
363,Kashi,CN,39.4547,75.9797,69.26,30,0,8.95,clear sky
364,Kuala Terengganu,MY,5.3302,103.1408,76.95,94,20,3.44,few clouds
365,Mosquera,CO,4.7059,-74.2302,62.69,63,40,18.41,scattered clouds
366,Trinidad,BO,-14.8333,-64.9,102.43,19,27,4.29,scattered clouds
367,Tulum,MX,20.2167,-87.4667,85.98,87,88,3.11,overcast clouds
368,Riyadh,SA,24.6877,46.7219,86.14,18,22,7.7,few clouds
369,Socorro,US,31.6546,-106.3033,89.1,23,90,5.75,overcast clouds
370,Tura,IN,25.5198,90.2201,73.27,92,36,2.46,scattered clouds
371,Yanaul,RU,56.2719,54.9309,45.59,69,100,7.67,overcast clouds
372,Reconquista,AR,-29.15,-59.65,76.53,36,0,10.78,clear sky
373,Igrim,RU,63.1906,64.4162,39.25,79,100,2.15,overcast clouds
374,Muros,ES,42.7762,-9.0603,67.84,69,6,15.75,clear sky
375,Torbay,CA,47.6666,-52.7314,54.99,89,5,11.36,clear sky
376,Nouakchott,MR,18.0858,-15.9785,78.73,73,97,16.35,overcast clouds
377,Lethem,GY,3.3803,-59.7968,85.91,62,100,1.63,overcast clouds
378,Sao Felix Do Xingu,BR,-6.6447,-51.995,85.33,44,82,2.04,broken clouds
379,Yarmouth,US,41.7057,-70.2286,77.65,88,90,7.0,overcast clouds
380,Zhicheng,CN,30.2956,111.5047,74.86,93,16,3.62,light rain
381,Atambua,ID,-9.1061,124.8925,70.09,70,99,4.05,overcast clouds
382,Touros,BR,-5.1989,-35.4608,81.5,77,55,14.9,broken clouds
383,Marsh Harbour,BS,26.5412,-77.0636,83.8,67,35,3.69,scattered clouds
384,Brits,ZA,-25.6347,27.7802,66.81,36,38,2.98,scattered clouds
385,Tuatapere,NZ,-46.1333,167.6833,48.81,71,82,9.01,broken clouds
386,Maarianhamina,AX,60.0973,19.9348,44.46,93,75,1.14,broken clouds
387,Coquimbo,CL,-29.9533,-71.3436,62.33,63,0,14.97,clear sky
388,Mazyr,BY,52.0495,29.2456,44.35,94,100,9.93,overcast clouds
389,Bathsheba,BB,13.2167,-59.5167,86.61,70,40,9.22,scattered clouds
390,Clyde River,CA,70.4692,-68.5914,32.23,80,75,16.11,broken clouds
391,Arman,RU,59.7,150.1667,44.51,72,0,4.45,clear sky
392,General Roca,AR,-39.0333,-67.5833,73.8,17,33,5.93,scattered clouds
393,Sicamous,CA,50.8331,-118.9856,72.19,48,56,1.88,broken clouds
394,Sweetwater,US,25.7634,-80.3731,89.02,77,40,6.91,scattered clouds
395,Richards Bay,ZA,-28.783,32.0377,65.59,65,0,17.34,clear sky
396,Spornoye,RU,50.8448,37.2913,46.42,86,99,5.01,overcast clouds
397,Laurel,US,39.0993,-76.8483,75.69,69,75,1.01,broken clouds
398,Gorontalo,ID,0.5412,123.0595,73.83,93,88,2.37,overcast clouds
399,Sarangani,PH,5.4033,125.4636,82.49,74,33,3.33,scattered clouds
400,Manavalakurichi,IN,8.1333,77.3,80.69,84,89,16.28,overcast clouds
401,Vila Franca Do Campo,PT,37.7167,-25.4333,70.21,78,39,8.52,scattered clouds
402,Cap-Aux-Meules,CA,47.3821,-61.8597,69.85,78,20,11.5,few clouds
403,Lebane,RS,42.9239,21.7375,49.1,71,6,2.55,clear sky
404,Astana,KZ,51.1801,71.446,35.55,87,0,6.71,clear sky
405,Pathein,MM,16.7833,94.7333,74.95,97,100,3.83,overcast clouds
406,Phitsanulok,TH,16.9167,100.5,71.6,97,100,0.96,light rain
407,Kailua,US,21.4022,-157.7394,87.78,73,90,6.91,overcast clouds
408,Buchanan,LR,5.8808,-10.0467,78.57,84,100,6.31,overcast clouds
409,Lima,PE,-12.0432,-77.0282,61.14,77,90,6.91,overcast clouds
410,Sindor,RU,62.8629,51.8905,37.26,94,2,4.79,clear sky
411,Cornereva,RO,45.0667,22.4167,41.22,78,54,3.85,broken clouds
412,Bernburg,DE,51.8,11.7333,65.16,76,97,18.99,light rain
413,Lokosovo,RU,61.1333,74.8167,38.08,94,100,10.63,overcast clouds
414,Illapel,CL,-31.6308,-71.1653,79.16,23,0,5.73,clear sky
415,Konevo,RU,62.1215,39.3192,43.75,93,98,6.98,overcast clouds
416,Cibitung,ID,-7.119,107.1309,65.44,88,95,2.48,overcast clouds
417,Ponta Do Sol,PT,32.6667,-17.1,72.23,61,94,4.97,overcast clouds
418,Ipatovo,RU,45.7181,42.9036,52.25,84,100,3.09,light rain
419,Maragogi,BR,-9.0122,-35.2225,77.18,84,17,9.84,few clouds
420,Remanso,BR,-9.6179,-42.0831,87.57,38,59,8.37,broken clouds
421,Nangomba,TZ,-10.9,38.5,73.02,70,52,7.09,broken clouds
422,Lubango,AO,-14.9172,13.4925,64.6,55,13,2.42,few clouds
423,Calafell,ES,41.2,1.5683,73.78,69,2,7.94,clear sky
424,Katherine,AU,-14.4667,132.2667,61.12,51,7,6.91,clear sky
425,Yaring,TH,6.8662,101.3689,77.97,88,100,2.89,overcast clouds
426,Dum Duma,IN,27.5667,95.5667,74.52,91,38,2.08,scattered clouds
427,Stromness,GB,58.965,-3.296,52.05,91,100,15.99,overcast clouds
428,Nishihara,JP,26.1842,127.7558,78.08,86,20,4.61,few clouds
429,Xining,CN,36.6167,101.7667,52.99,89,100,3.98,overcast clouds
430,Waipawa,NZ,-41.4122,175.5153,57.45,63,2,5.39,clear sky
431,Hanko,FI,59.8333,22.95,48.85,94,100,33.62,moderate rain
432,Mana,GF,5.6592,-53.7767,82.53,78,68,11.32,broken clouds
433,Broken Hill,AU,-31.95,141.4333,55.87,43,20,10.27,few clouds
434,Tilichiki,RU,60.4667,166.1,43.54,79,74,4.52,broken clouds
435,Santiago,CL,-33.4569,-70.6483,81.84,13,0,6.91,clear sky
436,Roebourne,AU,-20.7833,117.1333,71.22,38,21,6.93,few clouds
437,Pandan,PH,14.0453,124.1694,80.74,84,62,6.53,moderate rain
438,Talnakh,RU,69.4865,88.3972,34.12,75,6,6.08,clear sky
439,Constitucion,CL,-35.3333,-72.4167,61.52,63,95,15.93,overcast clouds
440,Nizhniy Kuranakh,RU,58.8353,125.4869,47.08,85,100,5.86,light rain
441,Ust-Ilimsk,RU,58.0006,102.6619,37.36,97,100,3.11,overcast clouds
442,San Nicolas,PH,18.1725,120.5953,76.91,100,20,4.61,few clouds
443,Jizan,SA,17.3333,42.6667,88.74,62,11,3.83,few clouds
444,Bafoulabe,ML,13.8065,-10.8321,82.87,67,97,0.56,overcast clouds
445,Kisangani,CD,0.5167,25.2,68.4,99,72,2.75,broken clouds
446,Evensk,RU,61.95,159.2333,43.79,69,10,3.44,clear sky
447,Seoul,KR,37.5683,126.9778,62.04,79,38,2.51,scattered clouds
448,Levelland,US,33.5873,-102.378,85.19,17,83,16.24,broken clouds
449,Kilindoni,TZ,-7.9139,39.6668,76.77,79,9,13.11,clear sky
450,Turbat,PK,26.0023,63.044,82.27,69,10,6.58,clear sky
451,Severo-Kurilsk,RU,50.6789,156.125,48.72,92,100,25.59,light rain
452,Rio Grande,BR,-32.035,-52.0986,64.51,90,100,6.2,overcast clouds
453,Boyolangu,ID,-8.1181,111.8935,75.56,92,100,2.82,overcast clouds
454,Bay Roberts,CA,47.5999,-53.2648,63.03,83,7,9.31,clear sky
455,Luangwa,ZM,-15.6167,30.4167,69.3,66,3,4.72,clear sky
456,Kyra,RU,49.5776,111.9753,36.1,85,7,0.6,clear sky
457,Batagay,RU,67.6333,134.6333,35.26,82,84,2.98,broken clouds
458,Bulgan,MN,48.8125,103.5347,38.01,85,74,1.63,broken clouds
459,Christchurch,NZ,-43.5333,172.6333,62.8,48,0,8.05,clear sky
460,Penzance,GB,50.1186,-5.5371,58.21,90,10,8.3,clear sky
461,Libertador General San Martin,AR,-23.8064,-64.7876,81.97,35,12,7.27,few clouds
462,Zhanaozen,KZ,43.3,52.8,70.83,19,2,26.69,clear sky
463,Syamzha,RU,60.0158,41.0614,47.39,95,100,8.57,overcast clouds
464,Sur,OM,22.5667,59.5289,85.68,67,100,4.27,overcast clouds
465,Lugovoy,KZ,42.9472,72.7644,55.51,31,0,4.74,clear sky
466,Te Anau,NZ,-45.4167,167.7167,45.25,76,47,7.14,scattered clouds
467,Mirandela,PT,41.4874,-7.187,65.93,75,100,3.6,overcast clouds
468,Abalak,RU,58.1286,68.5944,41.31,82,100,8.43,overcast clouds
469,Stanger,ZA,-29.3282,31.2895,64.99,68,4,11.07,clear sky
470,Manokwari,ID,-0.8667,134.0833,77.81,78,99,4.29,overcast clouds
471,Pemba,MZ,-12.974,40.5178,76.17,77,3,16.51,clear sky
472,Ixtapa,MX,20.7,-105.2,89.22,79,20,10.36,few clouds
473,Isangel,VU,-19.55,169.2667,75.31,73,75,5.75,broken clouds
474,Uyuni,BO,-20.4597,-66.825,60.55,22,47,15.37,scattered clouds
475,Valle De Allende,MX,26.9333,-105.4,80.35,35,25,7.94,scattered clouds
476,Jurm,AF,36.8648,70.8342,60.22,26,0,3.4,clear sky
477,Jacareacanga,BR,-6.2222,-57.7528,82.29,64,95,5.19,overcast clouds
478,Balykshi,KZ,47.0667,51.8667,66.2,19,40,26.84,dust
479,Victor Harbor,AU,-35.5667,138.6167,52.92,90,10,10.4,clear sky
480,Onega,RU,63.9061,38.1404,42.03,95,100,12.28,overcast clouds
481,Ubinskoye,RU,55.3068,79.6802,34.74,87,89,5.61,overcast clouds
482,Kirkwall,GB,58.9848,-2.9587,52.14,92,90,11.5,overcast clouds
483,Vao,NC,-22.6667,167.4833,67.1,62,49,17.29,scattered clouds
484,Nautla,MX,20.2167,-96.7833,77.05,76,98,12.24,overcast clouds
485,San Rafael,AR,-34.6177,-68.3301,74.12,23,0,12.77,clear sky
486,Svirsk,RU,53.0858,103.3325,43.47,64,100,4.34,overcast clouds
487,Aswan,EG,24.0934,32.907,88.18,22,0,19.93,clear sky
488,Victoria,HK,22.2855,114.1577,85.32,84,71,16.55,light rain
489,Pandharpur,IN,17.6667,75.3333,74.97,88,100,8.46,overcast clouds
490,La Cruz,MX,23.9167,-106.9,87.89,66,0,6.24,clear sky
491,Lopatino,RU,52.6195,45.8118,48.02,94,100,7.67,overcast clouds
492,Kurilsk,RU,45.2333,147.8833,50.72,88,100,9.01,overcast clouds
493,Sisimiut,GL,66.9395,-53.6735,29.43,80,99,3.15,overcast clouds
494,Bonthe,SL,7.5264,-12.505,78.33,85,100,6.11,light rain
495,Dublin,US,37.7021,-121.9358,98.17,30,1,3.0,haze
496,Tsnori,GE,41.6209,45.9694,67.24,92,85,0.65,overcast clouds
497,Stamford,US,41.0534,-73.5387,79.52,88,75,1.99,light intensity drizzle
498,Volgodonsk,RU,47.5136,42.1514,47.98,65,33,6.53,scattered clouds
499,Dakar,SN,14.6937,-17.4441,81.48,76,75,8.75,broken clouds
500,Pisco,PE,-13.7,-76.2167,68.05,64,0,17.27,clear sky
501,Severo-Yeniseyskiy,RU,60.3725,93.0408,28.89,97,100,5.66,light snow
502,Luderitz,NA,-26.6481,15.1594,58.66,71,33,11.27,scattered clouds
503,Lavrentiya,RU,65.5833,-171.0,32.5,68,91,3.24,overcast clouds
504,Ancud,CL,-41.8697,-73.8203,54.43,82,96,10.8,overcast clouds
505,Pareora,NZ,-44.4871,171.2132,53.15,72,0,7.58,clear sky
506,Korla,CN,41.7597,86.1469,66.38,28,2,8.5,clear sky
507,Vilyuysk,RU,63.7553,121.6247,39.56,82,100,3.89,overcast clouds
508,Altay,CN,47.8667,88.1167,43.45,45,99,2.46,overcast clouds
509,Teguldet,RU,57.3064,88.1667,34.48,95,100,2.77,overcast clouds
510,Topolobampo,MX,25.6,-109.05,95.05,55,40,9.22,scattered clouds
511,Broome,US,42.2506,-75.833,67.55,81,90,4.0,mist
512,Aquiraz,BR,-3.9014,-38.3911,80.69,79,56,11.48,broken clouds
513,Mpraeso,GH,6.5932,-0.7346,69.48,96,77,2.15,light rain
514,Ketchikan,US,55.3422,-131.6461,53.58,93,90,17.27,moderate rain
515,Rosarito,MX,32.3333,-117.0333,96.4,53,11,13.06,few clouds
516,Upata,VE,8.0086,-62.3989,87.19,68,55,2.44,broken clouds
517,Sisak,HR,45.4661,16.3783,55.18,74,7,4.05,clear sky
518,Itoman,JP,26.1247,127.6694,78.82,83,20,9.22,few clouds
519,Zhumadian,CN,32.9794,114.0294,76.89,66,100,2.89,moderate rain
520,Buenaventura,CO,3.8801,-77.0312,76.89,91,100,2.51,overcast clouds
521,Kuytun,RU,54.3419,101.5036,39.9,79,100,4.81,overcast clouds
522,Herat,AF,34.5,62.0,69.03,16,0,8.97,clear sky
523,Raudeberg,NO,61.9875,5.1352,46.0,93,98,1.01,overcast clouds
524,Ambilobe,MG,-13.2,49.05,68.49,73,0,4.52,clear sky
525,Jatai,BR,-17.8814,-51.7144,91.89,18,6,7.4,clear sky
526,Berlevag,NO,70.8578,29.0864,42.6,70,0,12.66,clear sky
527,Hovd,MN,48.0056,91.6419,43.21,45,53,7.63,broken clouds
528,Wawa,NG,9.9022,4.4192,75.7,84,94,2.91,overcast clouds
529,Inhambane,MZ,-23.865,35.3833,65.97,72,0,6.26,clear sky
530,Danane,CI,7.2596,-8.155,71.56,98,59,0.65,broken clouds
531,Samarai,PG,-10.6167,150.6667,77.74,85,92,15.32,overcast clouds
532,Vyazemskiy,RU,47.5378,134.7525,40.35,87,0,1.72,clear sky
533,Hobyo,SO,5.3505,48.5268,77.52,85,82,23.0,broken clouds
534,Pevek,RU,69.7008,170.3133,29.25,88,98,8.86,overcast clouds
535,Tombouctou,ML,20.0,-3.0,92.01,11,4,2.55,clear sky
536,Yinchuan,CN,38.4681,106.2731,65.64,64,100,4.05,overcast clouds
537,Mangrol,IN,21.1167,70.1167,80.4,81,58,6.24,broken clouds
538,Banda Aceh,ID,5.5577,95.3222,79.03,82,65,9.08,broken clouds
539,Yuzhne,UA,46.6221,31.1013,46.62,67,94,8.25,overcast clouds
540,Rocky Mountain House,CA,52.3668,-114.9188,55.51,44,90,4.61,overcast clouds
541,Vaitape,PF,-16.5167,-151.75,78.04,70,16,11.41,few clouds
542,Smolensk,RU,55.0,33.0,40.66,95,100,7.9,overcast clouds
543,Harper,LR,4.375,-7.7169,78.28,86,31,6.96,scattered clouds
544,Zhuanghe,CN,39.7008,122.9911,59.18,83,89,3.13,light rain
545,Port Moresby,PG,-9.4431,147.1797,74.44,88,92,6.26,overcast clouds
546,Waddan,LY,29.1614,16.139,82.33,47,1,14.29,clear sky
547,Caidian,CN,30.5833,114.0333,82.53,79,100,5.84,overcast clouds
548,Nemuro,JP,43.3236,145.575,55.63,87,100,22.77,heavy intensity rain
549,Carutapera,BR,-1.195,-46.02,80.35,76,44,9.91,scattered clouds
550,Dalen,NL,52.6992,6.7556,58.86,96,36,8.7,scattered clouds
551,Balkhash,KZ,46.844,74.9804,49.14,46,0,17.58,clear sky
552,Swellendam,ZA,-34.0226,20.4417,55.78,85,99,2.68,overcast clouds
553,Palmer,US,42.1584,-72.3287,78.51,70,75,5.99,broken clouds
554,George,ZA,-33.963,22.4617,56.75,88,40,2.3,scattered clouds
555,Kerema,PG,-7.9631,145.7785,76.17,89,98,4.41,overcast clouds
556,Yichang,CN,30.7144,111.2847,75.06,93,15,2.44,light rain
557,Husavik,IS,66.0449,-17.3389,37.31,96,100,21.68,light rain
558,Alyangula,AU,-13.8483,136.4192,71.15,84,25,9.62,scattered clouds
559,Zlotoryja,PL,51.1264,15.9198,65.37,59,100,24.05,overcast clouds
560,Altamont,US,42.2068,-121.7372,76.77,30,1,4.0,clear sky
561,Curup,ID,-3.4667,102.5333,67.08,97,94,3.18,overcast clouds
562,Mabaruma,GY,8.2,-59.7833,82.08,77,100,5.61,overcast clouds
563,Nehe,CN,48.4833,124.8333,49.24,85,100,6.35,overcast clouds
564,Pithora,IN,21.2667,82.5167,75.27,90,26,2.21,heavy intensity rain
565,Flinders,AU,-34.5833,150.8552,65.05,63,5,4.0,clear sky
566,Nabire,ID,-3.3667,135.4833,75.42,90,99,3.15,overcast clouds
567,Porto Velho,BR,-8.7619,-63.9039,87.85,58,40,1.14,moderate rain
568,Rabo De Peixe,PT,37.8,-25.5833,69.31,68,20,10.36,few clouds
569,Niltepec,MX,16.5667,-94.6167,88.41,55,51,12.84,broken clouds
570,Bakchar,RU,57.0186,82.0711,33.6,91,100,4.76,overcast clouds
571,Manaure,CO,11.7751,-72.4445,87.71,65,100,6.62,overcast clouds
572,Beeville,US,28.4008,-97.7483,87.98,29,1,4.61,clear sky
573,Oriximina,BR,-1.7656,-55.8661,90.68,48,39,2.64,scattered clouds
574,Mbinga,TZ,-10.9333,35.0167,59.5,80,50,2.26,scattered clouds
575,Balsas,BR,-7.5325,-46.0356,94.96,24,77,6.13,broken clouds
576,Coahuayana,MX,18.7333,-103.6833,92.68,67,18,5.7,few clouds
577,Leh,IN,34.1667,77.5833,53.42,54,24,5.01,few clouds
578,Bima,ID,-8.4667,118.7167,73.89,93,47,2.95,scattered clouds
579,Sierra Vista,US,31.5545,-110.3037,67.01,72,90,6.91,overcast clouds
580,Montepuez,MZ,-13.1256,38.9997,70.0,76,3,7.09,clear sky
581,Joshimath,IN,30.5667,79.5667,65.62,87,100,1.28,overcast clouds
582,Tabou,CI,4.423,-7.3528,77.88,87,32,6.24,scattered clouds
583,San Joaquin,US,37.9333,-121.3011,97.79,26,1,10.36,clear sky
584,Koslan,RU,63.4564,48.8989,39.07,92,13,5.23,few clouds
585,Ambagarh Chauki,IN,20.7833,80.7167,74.5,94,100,5.48,light rain
586,Northam,GB,51.0333,-4.2167,59.67,92,100,4.94,overcast clouds
587,Panaba,MX,21.2833,-88.2667,86.43,63,100,10.18,overcast clouds
588,Ligayan,PH,4.6533,119.4706,82.2,77,89,6.87,overcast clouds
589,Verkhnevilyuysk,RU,63.4453,120.3167,39.34,80,100,3.78,overcast clouds
590,Srednekolymsk,RU,67.45,153.6833,34.25,89,100,5.08,overcast clouds
591,Poso,ID,-1.3959,120.7524,76.01,80,45,4.27,scattered clouds
592,Mapiripan,CO,2.8892,-72.1256,76.41,90,99,5.03,overcast clouds
593,Ngama,TD,11.7833,17.1667,75.6,78,89,8.37,overcast clouds
594,Carndonagh,IE,55.25,-7.2667,50.18,94,2,7.52,clear sky
595,Vasto,IT,42.1243,14.7059,55.76,53,55,5.06,broken clouds
596,Kula,TR,38.5473,28.6498,48.31,70,7,4.47,clear sky
597,Santa Catarina De Tepehuanes,MX,25.35,-105.7333,76.19,46,42,3.91,scattered clouds
598,Bhopal,IN,23.2667,77.4,75.6,86,71,3.6,broken clouds
599,Zhezkazgan,KZ,47.8043,67.7144,44.35,58,0,12.82,clear sky
600,Mikkeli,FI,61.6886,27.2723,43.14,93,90,16.11,light intensity drizzle
601,Ayagoz,KZ,47.9714,80.4392,35.83,71,0,10.76,clear sky
602,Mogadishu,SO,2.0371,45.3438,77.41,87,77,18.19,broken clouds
603,Bethanien,NA,-26.502,17.1583,65.75,19,51,2.95,broken clouds
604,Riohacha,CO,11.5444,-72.9072,85.75,70,100,7.54,overcast clouds
605,San Policarpo,PH,12.1791,125.5072,81.84,81,31,6.78,scattered clouds
606,Paramonga,PE,-10.6667,-77.8333,65.7,76,33,9.8,scattered clouds
607,Vangaindrano,MG,-23.35,47.6,68.2,86,75,4.76,broken clouds
608,Izumo,JP,35.3667,132.7667,66.15,85,67,3.27,broken clouds
609,Eyl,SO,7.9803,49.8164,77.58,82,38,18.28,scattered clouds
610,Haimen,CN,23.1935,116.6142,80.49,84,100,10.25,overcast clouds
611,Santa Cruz De La Palma,ES,28.6835,-17.7642,73.54,68,0,3.44,clear sky
612,Qandala,SO,11.472,49.8728,90.81,50,73,4.88,broken clouds
613,Dagua,CO,3.6569,-76.6886,79.3,95,98,2.82,overcast clouds
614,Manta,EC,-0.95,-80.7333,76.78,78,20,12.66,few clouds
615,Petauke,ZM,-14.2426,31.3253,65.75,64,19,10.09,few clouds
616,Hirado,JP,33.3597,129.5531,72.36,69,40,14.63,scattered clouds
617,Orlik,RU,52.5178,99.825,35.4,70,100,2.53,overcast clouds
618,Pointe Michel,DM,15.25,-61.3833,84.49,68,97,8.72,overcast clouds
619,Alta Floresta,BR,-9.8756,-56.0861,91.62,32,93,2.01,overcast clouds
620,Tselinnoye,RU,53.0833,85.6667,36.32,94,97,3.09,overcast clouds
621,Petit Goave,HT,18.4314,-72.8669,87.98,67,93,2.46,overcast clouds
622,Jibuti,DJ,11.5,42.5,89.02,39,0,5.03,clear sky
623,Marzuq,YE,14.4,46.4667,77.83,23,24,1.16,few clouds
624,Suksun,RU,57.1431,57.3949,38.75,79,30,5.95,scattered clouds
625,Xanlar,AZ,40.5869,46.3158,62.11,94,90,4.61,light intensity drizzle
626,Bonavista,CA,48.6499,-53.1147,55.4,91,35,17.27,scattered clouds
627,Trincomalee,LK,8.5711,81.2335,80.17,79,100,12.21,overcast clouds
628,Ulaanbaatar,MN,47.9077,106.8832,32.13,80,0,0.0,clear sky
629,Rio Blanco,MX,18.8333,-97.15,72.03,80,75,6.4,broken clouds
630,Neryungri,RU,56.6709,124.6491,42.76,94,100,8.37,light rain
631,Kodinsk,RU,58.6881,99.1844,30.18,98,86,1.23,overcast clouds
632,Ginda,IN,30.6945,78.4932,62.08,80,98,2.89,overcast clouds
633,Sharan,RU,54.8167,54.0,53.67,45,100,14.88,overcast clouds
634,Grand Forks,US,47.9417,-97.4337,77.79,35,75,10.36,smoke
635,Jiujiang,CN,29.7333,115.9833,77.2,82,41,4.97,scattered clouds
636,Micheweni,TZ,-4.9667,39.8333,75.47,81,0,11.21,clear sky
637,Svinita,RO,44.4997,22.1061,42.13,82,34,4.23,scattered clouds
638,Tenancingo,MX,19.1472,-98.1806,70.72,63,97,2.95,overcast clouds
639,Wilmington,US,34.2257,-77.9447,81.95,67,1,9.22,clear sky
640,San Matias,BO,-16.3667,-58.4,97.97,22,87,4.52,overcast clouds
641,Uchaly,RU,54.2996,59.4521,35.17,80,32,3.04,scattered clouds
642,Thomasville,US,35.8826,-80.082,73.62,51,0,1.99,clear sky
643,Mayo,US,38.8876,-76.5119,76.73,81,20,5.99,few clouds
644,Vestmanna,FO,62.1564,-7.1664,43.72,100,90,16.11,overcast clouds
645,Lagoa,PT,39.05,-27.9833,69.12,63,100,10.98,overcast clouds
646,Ulladulla,AU,-35.35,150.4667,64.87,61,13,6.89,few clouds
647,Yendi,GH,9.4427,-0.0099,75.78,83,28,2.42,scattered clouds
648,Quatre Cocos,MU,-20.2078,57.7625,71.71,85,62,14.92,light rain
649,Khovu-Aksy,RU,51.1333,93.6,32.2,76,100,3.27,overcast clouds
650,Camacupa,AO,-12.0167,17.4833,70.77,22,99,3.27,overcast clouds
651,Tabas,IR,33.5959,56.9244,83.12,11,31,2.84,scattered clouds
652,Severodvinsk,RU,64.5635,39.8302,44.71,84,100,11.1,overcast clouds
653,Jalu,LY,29.0331,21.5482,84.11,26,0,12.1,clear sky
654,Bluefields,NI,12.0137,-83.7635,82.11,81,77,6.96,broken clouds
655,Winnemucca,US,40.973,-117.7357,75.25,17,1,4.05,clear sky
656,Ngunguru,NZ,-35.6167,174.5,59.16,80,98,15.86,overcast clouds
657,Noumea,NC,-22.2763,166.4572,69.78,60,63,11.97,broken clouds
658,Tandil,AR,-37.3217,-59.1332,53.64,85,85,1.43,overcast clouds
659,Galesong,ID,-5.3166,119.3661,77.02,77,100,4.68,overcast clouds
660,Suntar,RU,62.1444,117.6319,40.14,84,100,2.46,overcast clouds
661,Fairlie,GB,55.756,-4.8556,60.01,87,91,8.01,overcast clouds
662,Guiglo,CI,6.5456,-7.4966,72.72,96,69,2.04,light rain
663,Trairi,BR,-3.2778,-39.2689,79.41,77,68,11.45,broken clouds
664,Tommot,RU,58.9564,126.2925,47.7,84,100,5.08,light rain
665,Qaqortoq,GL,60.7167,-46.0333,43.3,62,0,23.13,clear sky
666,Bilibino,RU,68.0546,166.4372,24.17,91,98,2.8,overcast clouds
667,Pechenga,RU,69.5259,31.1703,40.06,90,7,11.5,clear sky
668,Tezu,IN,27.9167,96.1667,73.56,81,15,3.85,few clouds
669,Mancheral,IN,18.8667,79.4333,76.42,94,100,2.28,light rain
670,Laguna,US,38.421,-121.4238,99.1,24,1,3.0,clear sky
671,Phuket,TH,8.0,98.25,77.22,94,20,1.14,few clouds
672,Smithers,CA,54.7804,-127.1743,44.92,93,90,3.44,light rain
673,Tawau,MY,4.2498,117.8871,77.13,90,100,5.01,overcast clouds
674,Sorland,NO,67.667,12.6934,42.87,66,68,17.27,broken clouds
675,Sitarganj,IN,28.9333,79.7,75.79,81,50,4.03,scattered clouds
676,Tayu,ID,-6.5397,111.0518,77.11,86,55,6.51,broken clouds
677,Nhulunbuy,AU,-12.2333,136.7667,70.41,88,31,3.44,scattered clouds
678,Nalhati,IN,24.3,87.8167,79.0,90,100,2.64,overcast clouds
679,Hay River,CA,60.8156,-115.7999,46.38,81,90,12.66,overcast clouds
680,Teya,RU,60.3778,92.6267,32.05,96,100,5.23,light snow
681,Emba,KZ,48.8264,58.1442,52.39,43,100,18.88,overcast clouds
682,Zyryanka,RU,65.75,150.85,36.63,76,77,4.03,broken clouds
683,Samfya,ZM,-11.3649,29.5565,72.3,43,94,12.73,overcast clouds
684,Kyabe,TD,9.4515,18.9449,72.27,92,90,3.49,overcast clouds
685,Likhoslavl,RU,57.1275,35.464,42.57,97,94,4.27,overcast clouds
686,Lujan,AR,-34.5703,-59.105,65.82,67,71,1.99,broken clouds
687,Sorong,ID,-0.8833,131.25,78.46,85,100,9.98,heavy intensity rain
688,Vuktyl,RU,63.8567,57.3094,38.25,94,100,4.23,overcast clouds
689,Southbridge,US,42.0751,-72.0334,78.04,83,25,1.99,scattered clouds
690,Aksarka,RU,66.5606,67.7975,33.94,81,2,3.11,clear sky
691,Shubarshi,KZ,48.5872,57.1869,55.11,27,94,20.0,overcast clouds
692,Nokaneng,BW,-19.6667,22.2667,71.38,28,0,7.14,clear sky
693,Hwange,ZW,-18.3693,26.5019,70.99,48,1,2.95,clear sky
694,Garowe,SO,8.4054,48.4845,78.06,67,79,15.86,broken clouds
695,Kumluca,TR,36.3703,30.2869,68.32,44,7,11.77,clear sky
696,Kostomuksha,RU,64.571,30.5767,43.36,83,100,12.5,overcast clouds
697,Beringovskiy,RU,63.05,179.3167,35.8,98,100,11.65,light rain
698,Turayf,SA,31.6725,38.6637,68.25,68,0,13.8,clear sky
699,Himatnagar,IN,23.6,72.95,79.61,88,12,2.3,few clouds
700,Turukhansk,RU,65.8167,87.9833,27.54,91,37,8.39,scattered clouds
701,Kirillov,RU,59.863,38.3813,48.13,94,100,9.98,overcast clouds
702,Odder,DK,55.9731,10.153,56.23,81,100,29.15,overcast clouds
703,Havoysund,NO,70.9963,24.6622,45.48,80,90,24.87,overcast clouds
704,Magadan,RU,59.5667,150.8,45.41,74,1,2.64,clear sky
705,Praxedis Guerrero,MX,31.3667,-106.0167,87.57,19,98,6.96,overcast clouds
706,Baracoa,CU,20.3467,-74.4958,83.73,77,100,3.96,overcast clouds
707,Abong Mbang,CM,3.9833,13.1833,67.42,99,100,1.14,moderate rain
708,Tiarei,PF,-17.5333,-149.3333,84.22,76,2,16.71,light rain
709,Sattahip,TH,12.6664,100.9007,80.69,83,40,6.91,scattered clouds
